310199-547C;Joni;Nikula;+358402245666;Hämeenkatu 17.33800.;joni.nikula@gmail.com
310199-547C;Joni;Nikula;+358402245666;Hämeenkatu 17.33800.;joni.nikula@gmail.com
310199-547C;Joni;Nikula;+358402245666;Hämeenkatu 17.33800.;joni.nikula@gmail.com
110183-857C;Kalle;Lehmänen;0443556212;Hämeenkatu 17.33800.;moikkuli@hotmail.com
310199-547C;Joni;Nikula;+358402245666;Hämeenkatu 17.33800.;joni.nikula@gmail.com
310199-547C;Joni;Nikula;+358402245666;Hämeenkatu 17.33800.;joni.nikula@gmail.com
310199-547C;Joni;Nikula;+358402245666;Hämeenkatu 17.33800.;joni.nikula@gmail.com
310199-547C;Joni;Nikula;+358402245666;Hämeenkatu 17.33800.;joni.nikula@gmail.com
310199-547C;Joni;Nikula;+358402245666;Hämeenkatu 17.33800.;joni.nikula@gmail.com
110923-454G;Kai;Pirinen;+358224539123;Pispalantie 3 C5.;tuukka.rintala@lol.hue.org
